tier,code,name_pt,name_en,metal_language,metal_language_en,leather_language,leather_language_en,cloth_language,cloth_language_en,wood_language,wood_language_en,arcane_language,arcane_language_en,palette,shape_language,complexity_multiplier,natural_rarity_cap
1,T1,Fronteira,Frontier,ferro bruto e bronze simples,raw iron and simple bronze,couro cru e corda,rawhide and rope,linho e lã áspera,coarse linen and wool,madeira comum,common timber,quartzo pálido e runas quase ausentes,pale quartz and nearly absent runes,#58636A #7A4C2D #C8BFA9 #5B3B27,"functional, compact, simple construction, visible fasteners",1.00,Rare
2,T2,Ofício,Crafted,ferro temperado e aço baixo carbono,tempered iron and low-carbon steel,couro tratado,treated leather,lã tecida e linho reforçado,woven wool and reinforced linen,freixo e carvalho,ash and oak,cristal menor e inscrições discretas,minor crystal and subtle inscriptions,#647078 #825435 #CBBE9C #6B472D,"cleaner craftsmanship, reinforced edges, balanced proportions",1.12,Rare
3,T3,Rúnico,Runic,aço polido e prataço,polished steel and silversteel,couro reforçado,reinforced leather,trama rúnica inicial,early rune weave,madeira escura reforçada,reinforced darkwood,"safira, núcleo rúnico e gravações visíveis","sapphire, rune core and visible engravings",#70808A #315A7D #8B6541 #C8BFA9,"first intentional rune channels, stronger silhouettes, one focal inset",1.28,Epic
4,T4,Mithril,Mithril,mithril claro e prata élfica,pale mithril and elven silver,couro folha-prata,silverleaf leather,seda refinada,refined silk,madeira branca ou prateada,white or silver wood,cristal espiritual,spirit crystal,#AABAC2 #6A8AA5 #D6C9A8 #6B5C4C,"lighter refined construction, elegant curves, disciplined ornament",1.45,Epic
5,T5,Ancestral,Ancestral,adamantita e bronze ancestral,adamantite and ancestral bronze,pele ancestral,ancestral hide,tecido rúnico denso,dense runecloth,madeira antiga petrificada,petrified ancient wood,cristal antigo e glifos profundos,ancient crystal and deeply carved glyphs,#596168 #B8873E #6B4630 #754B32,"heavier prestige construction, carved ancestry motifs, broad protected cores",1.66,Legendary
6,T6,Dracônico,Draconic,aço dracônico e obsidiana metálica,dragonsteel and metallic obsidian,escama dracônica,dragon scale,trama de fênix,phoenix weave,osso/madeira dracônica tratada,treated dragonbone and dark draconic wood,cristal prismático e calor interno,prismatic crystal and controlled inner heat,#3E4142 #8F2F35 #D76A32 #5A3027,"aggressive organic plates, scale rhythms, controlled heat channels",1.90,Legendary
7,T7,Astral,Astral,oricalco e liga astral,orichalcum and astral alloy,couro do Vazio,void leather,seda astral,astral silk,madeira estelar,starwood,núcleo astral e energia violeta/ciano,astral core with violet and cyan energy,#9C7B3D #273248 #7547C7 #25A7FF,"unconventional celestial geometry, small suspended protected pieces, visible energy core",2.18,Legendary
8,T8,Celestial,Celestial,etério e liga celestial,aetherium and celestial alloy,pele serafim,seraph hide,trama celestial,celestial weave,material luminoso mineralizado,mineralized luminous material,prisma divino e luz sagrada,divine prism and sacred light,#D6E1E8 #D8A84E #F2E7C4 #67D6E8,"symmetric sacred construction, luminous inlays, elevated but robust silhouettes",2.50,Mythic
9,T9,Criação,Creation,metal primordial e liga divina,primordial metal and divine alloy,couro do destino,fate leather,trama do destino,destiny weave,matéria primordial solidificada,solidified primordial matter,coração da criação e energia iridescente,heart of creation and iridescent energy,#E5D7A6 #B8873E #F06432 #7547C7,"signature construction, impossible but readable material, one defining creation motif",2.90,Mythic
